1673042400000,0.004964363009164811
1673046000000,0.00521492353802307
1673049600000,0.004406995278333036
1673053200000,0.005703785895146081
1673056800000,0.005542975067502261
1673060400000,0.007188532170111581
1673064000000,0.011168618453208885
1673067600000,0.013247692576567726
1673071200000,0.012285146369935327
1673074800000,0.010112456220170665
1673078400000,0.006849716971163446
1673082000000,0.006228059760035928
1673085600000,0.005807164974518507
1673089200000,0.004117037395614813
1673092800000,0.0032413459092784087
1673096400000,0.0039244690941433
1673100000000,0.0062191561040360116
1673103600000,0.007356194004608109
1673107200000,0.008028942705256958
1673110800000,0.00812399898621055
1673114400000,0.009885331391260539
1673118000000,0.01135952628205759
1673121600000,0.01105489358173762
1673125200000,0.008635342029156601
1673128800000,0.010155993252494604
1673132400000,0.011435297791569106
1673136000000,0.013552577052634419
1673139600000,0.010804160765691063
1673143200000,0.010346907223269681
1673146800000,0.010360222046173154
1673150400000,0.008586927389999853
1673154000000,0.007725985563289125
1673157600000,0.007600863265027867
1673161200000,0.007613259028062319
1673164800000,0.007902777544233432
1673168400000,0.007469027682055685
1673172000000,0.00821766871872015
1673175600000,0.008973175978494227
1673179200000,0.008814363708011228
1673182800000,0.00839086241193002
1673186400000,0.007759112226102699
1673190000000,0.008314488476477727
1673193600000,0.008483045718424422
1673197200000,0.008151171356571047
1673200800000,0.007830967245739413
1673204400000,0.007002156065726968
1673208000000,0.006581672535824124
1673211600000,0.007619843399290261
1673647200000,0.0007321039638073831
1673650800000,0.0012499181868803287
1673654400000,0.0015800852359825418
1673658000000,0.0015381137210543918
1673661600000,0.0027373719686883615
1673665200000,0.0027367421424372073
1673668800000,0.002025934997062283
1673672400000,0.0028194578806492736
1673676000000,0.0026280380028891256
1673679600000,0.0004282459820864662
1673683200000,0.0005481087415437461
1673686800000,0.0025355868224072285
1673690400000,0.0009601031936668502
1673694000000,0.0003013363400661053
1673697600000,0.0010544024520606344
1673701200000,-1.92161834995873e-05
1673704800000,0.0014875718472840151
1673708400000,0.0015459561215696372
1673712000000,0.0018888363867619784
1673715600000,0.0029217423995763644
1673719200000,0.003390126783440078
1673722800000,0.003461139966188803
1673726400000,0.0032175019848521627
1673730000000,0.003781658682029977
1673733600000,0.0036865915442859066
1673737200000,0.0034632412508848916
1673740800000,0.0034124815855471535
1673744400000,0.0027312261824702128
1673748000000,0.0034387988545360373
1673751600000,0.004700119923972267
1673755200000,0.004100984719290394
1673758800000,0.0038177316491996467
1673762400000,0.0043162291365091195
1673766000000,0.0041897822322853875
1673769600000,0.004315989525008652
1673773200000,0.0021169681456908386
1673776800000,0.003575597344070932
1673780400000,0.0032516998772909905
1673784000000,0.0032670803598307536
1673787600000,0.002207794102698087
1673791200000,0.003801860205716342
1673794800000,0.003979039777194992
1673798400000,0.005670077414770207
1673802000000,0.004849096358158984
1673805600000,0.007037878379671005
1673809200000,0.0054573282855337885
1673812800000,0.006060808027777249
1673816400000,0.005599225912365715
1674252000000,0.0017697872341371666
1674255600000,0.002302266955787705
1674259200000,0.0012902302894534155
1674262800000,0.0007583897262081618
1674266400000,0.001733734918798833
1674270000000,0.0018466927706513572
1674273600000,0.001924724519523181
1674277200000,0.001252864082220372
1674280800000,0.00039635008962335264
1674284400000,-1.4806220114731135e-05
1674288000000,-0.0003354216000718946
1674291600000,-0.0010935235385761601
1674295200000,7.5425648078532895e-06
1674298800000,0.0005146460701912468
1674302400000,0.0007480287121252748
1674306000000,0.0010573192806163122
1674309600000,0.0009522884958573204
1674313200000,0.0024613646607053448
1674316800000,0.00034277278171226564
1674320400000,0.0002763941044935086
1674324000000,0.0007397486899349441
1674327600000,0.0016187907015954546
1674331200000,0.002088723894509556
1674334800000,0.001974352819545919
1674338400000,0.002490533545407161
1674342000000,0.002087341897365409
1674345600000,0.0005751998806228506
1674349200000,0.0011334337532596577
1674352800000,0.0013465253857715752
1674356400000,0.0008935156982025355
1674360000000,0.00014471793041905787
1674363600000,0.0011418987806281074
1674367200000,0.0015198792247833129
1674370800000,0.0015335804602303758
1674374400000,0.0012765593446515341
1674378000000,0.001369043788937401
1674381600000,0.0016128772354261063
1674385200000,0.0014679650584687146
1674388800000,0.0008294522207980497
1674392400000,0.0006436455053724435
1674396000000,0.00017751727463189725
1674399600000,0.0008289830435685088
1674403200000,0.0004489266271709169
1674406800000,-0.00011743521370829365
1674410400000,0.0005579001359542427
1674414000000,0.0014772518844665611
1674417600000,0.0021384793277795947
1674421200000,0.0022019223226626035
1674856800000,0.0006636168322036099
1674860400000,0.0009362943777746749
1674864000000,0.0012675915885281873
1674867600000,0.0016480924845491583
1674871200000,0.0018927600793519873
1674874800000,0.002122909851056757
1674878400000,0.0024869314364725286
1674882000000,0.0028792259559936306
1674885600000,0.0025571002693714406
1674889200000,0.002635488367306631
1674892800000,0.0025178286830165307
1674896400000,0.002699646375495723
1674900000000,0.0024432897780845625
1674903600000,0.0025810190903419496
1674907200000,0.0023138971792170337
1674910800000,0.0026169366020126796
1674914400000,0.00295055273707695
1674918000000,0.0030930105477852414
1674921600000,0.002180878298189806
1674925200000,0.0027592829058637794
1674928800000,0.003624408294810096
1674932400000,0.003696499584341597
1674936000000,0.003494197532581837
1674939600000,0.00360599780461984
1674943200000,0.0031684801240941087
1674946800000,0.0031896892450859336
1674950400000,0.002842648618406787
1674954000000,0.0016169527057783724
1674957600000,0.0017783134786269865
1674961200000,0.002413137730387611
1674964800000,0.002651010786296278
1674968400000,0.0026995246733682774
1674972000000,0.0026743233782305052
1674975600000,0.002724348989244288
1674979200000,0.0022059459304443027
1674982800000,0.001996252467476757
1674986400000,0.0021712490788689466
1674990000000,0.0021111910357032833
1674993600000,0.0018193666918859687
1674997200000,0.0011212533359506482
1675000800000,0.0010148418036340211
1675004400000,0.0004374354957171637
1675008000000,0.0005462938722554656
1675011600000,0.0015146866285634043
1675015200000,0.0014751091353954653
1675018800000,0.0012160046925685753
1675022400000,0.0012931143073143991
1675026000000,0.0012897647601115701
1675461600000,0.0016681052949888604
1675465200000,0.001052196728251693
1675468800000,0.0014707468303036013
1675472400000,0.0019489766808237737
1675476000000,0.001901541994287612
1675479600000,0.001691230892811458
1675483200000,0.0007230920677019077
1675486800000,0.0007593678654574707
1675490400000,0.0007960445486916644
1675494000000,0.00019291395073797572
1675497600000,2.3930860399171563e-05
1675501200000,0.00012191184321385838
1675504800000,-0.0001651336433829153
1675508400000,-8.62960579568472e-05
1675512000000,-0.00035400247223127336
1675515600000,-0.0007806625185518195
1675519200000,-0.00041045928457666763
1675522800000,-0.0004328076806765201
1675526400000,0.0003068962597139173
1675530000000,-7.173988975422537e-05
1675533600000,0.00029484833465740954
1675537200000,0.0008287983443832705
1675540800000,0.0012654342635981873
1675544400000,0.00036049127409527637
1675548000000,-0.0015849340657170144
1675551600000,-0.0005787030544565306
1675555200000,-0.00014500649802368836
1675558800000,-0.0008002424769123906
1675562400000,-0.00182864733989732
1675566000000,-0.001573512895295101
1675569600000,-0.0013723931430872423
1675573200000,-0.0008786246668919215
1675576800000,-0.00149026412596486
1675580400000,-0.0012536875127426277
1675584000000,-0.0014593837292489935
1675587600000,-0.000805963841558534
1675591200000,-0.0016980448578400287
1675594800000,-0.0016254286807615226
1675598400000,0.0002574060924048848
1675602000000,-0.0002309404394941728
1675605600000,3.9977311807351626e-05
1675609200000,0.0003032318575892312
1675612800000,0.000147676027374495
1675616400000,-0.0005739123049804003
1675620000000,-0.00044024740518666157
1675623600000,0.0005381079172230603
1675627200000,-0.000260447977072779
1675630800000,0.0002904318916685131
1676066400000,0.0007186386466034686
1676070000000,0.000949646268939336
1676073600000,0.0007931876256002515
1676077200000,0.001318438512447028
1676080800000,0.0010489402914677338
1676084400000,0.0011173062965256502
1676088000000,0.0012725748356890447
1676091600000,0.0019315387469129965
1676095200000,0.000905578603972744
1676098800000,-0.0003754155578493602
1676102400000,-0.0004010676850991654
1676106000000,-0.0003511595921894616
1676109600000,-9.23426872081254e-05
1676113200000,-0.00025670274653900437
1676116800000,-0.0005254248489882659
1676120400000,-0.00045470222576858273
1676124000000,-0.00011605431873783545
1676127600000,-3.520550997969621e-05
1676131200000,0.00033866384174293263
1676134800000,0.0014736570319379744
1676138400000,0.001418356379352372
1676142000000,0.0010523340255368815
1676145600000,0.0017223245016010319
1676149200000,0.0018930619129637872
1676152800000,0.0025373769083901782
1676156400000,0.0030032227859478934
1676160000000,0.003329468230791408
1676163600000,0.003544109922877338
1676167200000,0.0038955412116776756
1676170800000,0.004272881301895408
1676174400000,0.004118096087316983
1676178000000,0.004474532213440587
1676181600000,0.0038121674158194145
1676185200000,0.004448483405899308
1676188800000,0.0046041472574013175
1676192400000,0.004254074655925414
1676196000000,0.004293668228133921
1676199600000,0.004916209721749371
1676203200000,0.004827763160318151
1676206800000,0.005042841930398029
1676210400000,0.002721001842886072
1676214000000,0.0021214444850370722
1676217600000,0.002357135401850497
1676221200000,0.003638358370768985
1676224800000,0.004369679061866336
1676228400000,0.004379867263859201
1676232000000,0.0043822308077354245
1676235600000,0.004108632488520588
1676671200000,0.0012499610751447818
1676674800000,0.001121544470620075
1676678400000,0.001904666591285861
1676682000000,0.0022901924651717778
1676685600000,0.0027730039900887545
1676689200000,0.0025510417001385066
1676692800000,0.0033896074580504194
1676696400000,0.003668523932210942
1676700000000,0.0032940400057716026
1676703600000,0.0023072962618094074
1676707200000,0.00038979707083815527
1676710800000,-0.00017460662125405704
1676714400000,0.000357487249539282
1676718000000,0.0003997081102300357
1676721600000,-0.0005867763271899116
1676725200000,-0.00025350994263142194
1676728800000,-0.0011023220271385065
1676732400000,-0.0011865789685358472
1676736000000,-0.0011540723090124314
1676739600000,-0.0005919835551785588
1676743200000,-0.001267547124526573
1676746800000,-0.0007255363384674041
1676750400000,-0.000468974288552946
1676754000000,-0.00043977001446895574
1676757600000,3.733716382721038e-05
1676761200000,0.00027248758269660166
1676764800000,0.0003951747665234149
1676768400000,0.000750530103538241
1676772000000,0.0012092850188871885
1676775600000,0.0013179796051563716
1676779200000,0.000916731488365314
1676782800000,0.0008769338277470111
1676786400000,0.0012504255362667913
1676790000000,0.001370892840980339
1676793600000,0.0012273910821388886
1676797200000,0.0009407198782661805
1676800800000,0.0012778371515658174
1676804400000,0.0007453655341102452
1676808000000,0.0010495294903525615
1676811600000,0.001423028104873892
1676815200000,0.0011551249422382557
1676818800000,0.0004457778751933411
1676822400000,0.001491854042261178
1676826000000,0.0022511372481813586
1676829600000,0.00226591888610885
1676833200000,0.0018682235230032798
1676836800000,0.0026879456417496284
1676840400000,0.002298656440740574
1677276000000,0.0017113995979833139
1677279600000,0.0017057726887702435
1677283200000,0.002368474358787554
1677286800000,0.0025159965320529073
1677290400000,0.0029188592201797674
1677294000000,0.002873205927654157
1677297600000,0.002145025690826226
1677301200000,0.0026399906499770492
1677304800000,0.002729917226828857
1677308400000,0.003090307844407398
1677312000000,0.0029018084476989353
1677315600000,0.002643494867551442
1677319200000,0.002683717810313007
1677322800000,0.0021326028743311547
1677326400000,0.0024755865954013754
1677330000000,0.0018477420554123777
1677333600000,0.0022390881283922497
1677337200000,0.002036650572329675
1677340800000,0.0019425090493970182
1677344400000,0.0029471815511499687
1677348000000,0.003561162369732009
1677351600000,0.0031747333487429016
1677355200000,0.0043014498561624835
1677358800000,0.0038134400618588596
1677362400000,0.0038168605291715443
1677366000000,0.004026952375241473
1677369600000,0.004176141412665128
1677373200000,0.004209267559645445
1677376800000,0.0037661858872660874
1677380400000,0.003004916137989545
1677384000000,0.00440698177215463
1677387600000,0.005234716032885286
1677391200000,0.004995256866091513
1677394800000,0.004683735357419025
1677398400000,0.004597081265215013
1677402000000,0.004274736076059998
1677405600000,0.004117300206312634
1677409200000,0.004245129498125775
1677412800000,0.004214682738303113
1677416400000,0.004050125888411599
1677420000000,0.003313004315198973
1677423600000,0.002178930924986173
1677427200000,0.002581583023679084
1677430800000,0.0025735259098381906
1677434400000,0.0018337978684476001
1677438000000,0.0025001227390065175
1677441600000,0.002144020488087521
1677445200000,0.002618629734345001
1677880800000,0.0017489677903926065
1677884400000,0.0025755680922984452
1677888000000,0.001793097233708186
1677891600000,0.0022998543256690564
1677895200000,0.0028720466016220205
1677898800000,0.0028804756449819662
1677902400000,0.0004842092850783528
1677906000000,0.0009786067256868495
1677909600000,0.0003611520433460695
1677913200000,0.0007324605398968511
1677916800000,0.000939647150194727
1677920400000,4.17944502231181e-05
1677924000000,0.0006760391775340324
1677927600000,-4.1860756033585145e-05
1677931200000,-0.0003406175433749903
1677934800000,-0.0005864108612980356
1677938400000,-6.420745406122212e-06
1677942000000,0.00041665215914957497
1677945600000,0.0002657027826729725
1677949200000,-0.00016700303267106956
1677952800000,9.758618466958721e-05
1677956400000,0.00027517805361562144
1677960000000,0.0007263270684287575
1677963600000,0.0012087450506438426
1677967200000,0.0011591476171643282
1677970800000,0.0021254107080864487
1677974400000,0.001996163417610993
1677978000000,0.0012707486863980783
1677981600000,0.002370300516901544
1677985200000,0.0019510373454177316
1677988800000,0.002704987663484227
1677992400000,0.0024064226567841636
1677996000000,0.0029589580341363377
1677999600000,0.0026002699548873377
1678003200000,0.002804494249370465
1678006800000,0.0028276686720238053
1678010400000,0.0023553610343062547
1678014000000,0.0028351993557440276
1678017600000,0.002760402007830458
1678021200000,0.0027279255008762627
1678024800000,0.0024312552348923024
1678028400000,0.0030650757747342676
1678032000000,0.002770339937280034
1678035600000,0.0023259982343347124
1678039200000,0.0027573564894717174
1678042800000,0.0025603480284813675
1678046400000,0.0032792544735047962
1678050000000,0.0033548786051352817
1678485600000,0.003229887274415099
1678489200000,0.005148990605110797
1678492800000,0.006860083887393057
1678496400000,0.0100254319571225
1678500000000,0.010133608857037912
1678503600000,0.01030616746019122
1678507200000,0.0067412342699174205
1678510800000,0.0035207862733073097
1678514400000,-0.0005740284706291256
1678518000000,-5.234226008453951e-05
1678521600000,-0.000664128200628905
1678525200000,-0.002360770616333952
1678528800000,-0.0011676882909574095
1678532400000,-0.0034283491320326797
1678536000000,-0.0029584245905228475
1678539600000,-0.005824057371913696
1678543200000,-0.0023067775599540704
1678546800000,-0.0033672158878307753
1678550400000,-0.0011116509469758188
1678554000000,-0.0024946012385288247
1678557600000,-0.0027064555976642718
1678561200000,-0.0011716502583729244
1678564800000,0.00034674605842539694
1678568400000,1.0876753888855184e-05
1678572000000,0.001984816324084717
1678575600000,0.003103475896335303
1678579200000,0.004611432623291148
1678582800000,0.005900443901345045
1678586400000,0.005681279399961122
1678590000000,0.005260241822607813
1678593600000,0.006911428277271008
1678597200000,0.009051094174297517
1678600800000,0.009250037321387364
1678604400000,0.009512107275481617
1678608000000,0.008188906427423356
1678611600000,0.007394409191137933
1678615200000,0.006749614322314899
1678618800000,0.00819888605108637
1678622400000,0.00594708478519054
1678626000000,0.006039041627302579
1678629600000,0.008280803910341807
1678633200000,0.00885276858341036
1678636800000,0.007542810396615045
1678640400000,0.007385628449822257
1678644000000,0.008770383587487584
1678647600000,0.01148846199780774
1678651200000,0.01054400351538076
1678654800000,0.0069206141596078845
1679086800000,0.002368126957713419
1679090400000,0.002994743789821934
1679094000000,0.0013544051345675278
1679097600000,0.0029392633634133286
1679101200000,0.0027953270669187134
1679104800000,0.0025969406549707285
1679108400000,0.0035351783170773344
1679112000000,0.003208536864866309
1679115600000,0.002114554822727589
1679119200000,0.0017511708690716174
1679122800000,0.0009444686517994551
1679126400000,0.0006815143025270047
1679130000000,0.000448043176974856
1679133600000,0.0006739682875016366
1679137200000,0.0007251721970833524
1679140800000,0.00031649616571974076
1679144400000,0.00042520821044604606
1679148000000,0.0011297922923150295
1679151600000,0.003049043910271332
1679155200000,0.0022952325701407266
1679158800000,0.001316534732947729
1679162400000,0.0015586833842998725
1679166000000,0.0027202940399695874
1679169600000,0.004273337964485198
1679173200000,0.004978122563738811
1679176800000,0.004313894052194914
1679180400000,0.003599270302488616
1679184000000,0.0026851833764010083
1679187600000,0.0014059503177407148
1679191200000,0.0015385680619176257
1679194800000,0.002062112162535161
1679198400000,0.0019214840980236426
1679202000000,0.002135123940913115
1679205600000,0.002276193332109612
1679209200000,0.0024221692597253507
1679212800000,0.0021364618045787744
1679216400000,0.0023522715949782893
1679220000000,0.001477727170584473
1679223600000,0.0013121994450712097
1679227200000,0.0006628264032643576
1679230800000,0.001071114296741528
1679234400000,0.0011160857857955796
1679238000000,0.0016293804449968032
1679241600000,0.0023305976610875027
1679245200000,0.0031441740633032828
1679248800000,0.0032473525972049676
1679252400000,0.0032907080908858807
1679256000000,0.0020088521988476738
1679691600000,0.0038653834163321116
1679695200000,0.0043155138584264376
1679698800000,0.004378015445837573
1679702400000,0.005311846721564762
1679706000000,0.0057053316491125754
1679709600000,0.005948665333884684
1679713200000,0.005766554327050556
1679716800000,0.0057720508880291215
1679720400000,0.005043166365644266
1679724000000,0.005231374276136518
1679727600000,0.005171066544584536
1679731200000,0.005000973956104047
1679734800000,0.005271510968591821
1679738400000,0.004550084203693003
1679742000000,0.004599080571189999
1679745600000,0.0041349328200281634
1679749200000,0.004139533116195832
1679752800000,0.004260794029316888
1679756400000,0.004879155416154104
1679760000000,0.0051453989304967584
1679763600000,0.0059462509682156025
1679767200000,0.00596062085789058
1679770800000,0.0058777522863761615
1679774400000,0.005612366975947311
1679778000000,0.006093118613464398
1679781600000,0.006433065644493759
1679785200000,0.005761849879441833
1679788800000,0.006028575188163889
1679792400000,0.006313699701146663
1679796000000,0.0064011712754800075
1679799600000,0.0063285897118296915
1679803200000,0.005749041413569029
1679806800000,0.00481994672220943
1679810400000,0.0046541979876342015
1679814000000,0.005175588602342683
1679817600000,0.00462197179465539
1679821200000,0.004968646656156653
1679824800000,0.004961104089304588
1679828400000,0.004911571993743453
1679832000000,0.004745233924392651
1679835600000,0.0032911242737567216
1679839200000,0.0013849905653642914
1679842800000,0.00534247952655544
1679846400000,0.0055119991770613734
1679850000000,0.004638803100519406
1679853600000,0.00530368037335377
1679857200000,0.005406035818644363
1679860800000,0.006002085516615132
1680296400000,0.0005942471741349999
1680300000000,0.002311358065604619
1680303600000,0.0033756114765026483
1680307200000,0.004044198370973333
1680310800000,0.003514591113543955
1680314400000,0.002509593731710915
1680318000000,0.0031491235388338193
1680321600000,0.002782065616845522
1680325200000,0.001619241169289047
1680328800000,0.0016626772419250568
1680332400000,0.0017353132450813147
1680336000000,0.0016677753353655977
1680339600000,0.0012664793807961481
1680343200000,0.0005136946832892766
1680346800000,0.00041172189541762507
1680350400000,0.00045930896855582405
1680354000000,0.00012175328459174191
1680357600000,0.002074570038268217
1680361200000,0.0026143387426330804
1680364800000,0.0025925879894518186
1680368400000,0.00296150550780478
1680372000000,0.0034923415718953136
1680375600000,0.00444106078982256
1680379200000,0.004375437336501358
1680382800000,0.004787071224256617
1680386400000,0.004953926126906298
1680390000000,0.005070121543540942
1680393600000,0.005398334166563802
1680397200000,0.004806907155462594
1680400800000,0.002298634935616512
1680404400000,0.0023613904530130863
1680408000000,0.00250653426561331
1680411600000,0.0021886432785063045
1680415200000,0.0019999502780520552
1680418800000,0.002051289263584839
1680422400000,0.0026139900049759433
1680426000000,0.0024259792330625788
1680429600000,0.0027595968139151653
1680433200000,0.003019728021485717
1680436800000,0.0033916234986887984
1680440400000,0.004248393498063211
1680444000000,0.0036603148590086264
1680447600000,0.003094775915407952
1680451200000,0.00261535822038473
1680454800000,0.0020940776750909508
1680458400000,0.0033140813805690446
1680462000000,0.0042901093115037
1680465600000,0.0038376629824112304
1680901200000,-0.0003503818184084013
1680904800000,-0.0004983309137514486
1680908400000,-0.00026001685496630436
1680912000000,0.000452076291862963
1680915600000,0.00033527998138334743
1680919200000,-0.0004784553585197965
1680922800000,-0.0004465444014909256
1680926400000,-0.00027481085842640353
1680930000000,-0.0013948523564646564
1680933600000,-0.0010944230425962095
1680937200000,-0.001049137781150256
1680940800000,-0.0008618766220056294
1680944400000,-0.0002637428884957851
1680948000000,-0.0005705577652664122
1680951600000,-0.0005070052532371412
1680955200000,0.00014361471380185744
1680958800000,-0.0006463295823113453
1680962400000,-0.0005091952752749121
1680966000000,4.425983905969131e-05
1680969600000,6.48665033757596e-05
1680973200000,0.0001811108668398635
1680976800000,0.0008678942494890921
1680980400000,0.0001173812965695782
1680984000000,0.0003807372511721968
1680987600000,0.00015203484548252346
1680991200000,0.00017337897879258568
1680994800000,-0.000124911363830174
1680998400000,8.646569806986181e-05
1681002000000,0.00010054297268451772
1681005600000,0.000653163217471902
1681009200000,0.00043570051043069144
1681012800000,0.00032341100515742165
1681016400000,0.0007930272324888146
1681020000000,0.00042670865373842373
1681023600000,0.0003660567484069678
1681027200000,0.0006237242948780817
1681030800000,0.0002920984477431517
1681034400000,0.0002920201330762255
1681038000000,-0.00023035769613281317
1681041600000,0.0003304929636826404
1681045200000,0.0003967924178624784
1681048800000,8.369364159365715e-05
1681052400000,0.0003171212832781952
1681056000000,0.0006088144301774081
1681059600000,0.0013221775061704197
1681063200000,0.0010383013468756948
1681066800000,0.0007574228898507185
1681070400000,0.001080641481337504
1681506000000,0.0010666605805018344
1681509600000,0.0016433366558667748
1681513200000,0.0010629442078804348
1681516800000,0.0018818645717106621
1681520400000,0.0025363819028513296
1681524000000,0.0022936872694025597
1681527600000,0.0023867000930552526
1681531200000,0.002369455292817049
1681534800000,0.00212272549672829
1681538400000,0.0014140635580026102
1681542000000,0.0007199743330049598
1681545600000,5.471233766838509e-05
1681549200000,0.00010241662173882917
1681552800000,-0.0005617299053026284
1681556400000,-0.0005886604803218026
1681560000000,-0.0010324330426127882
1681563600000,-0.0007041494610002332
1681567200000,0.00020729684840467086
1681570800000,0.0005600748294916016
1681574400000,0.0013620775189066587
1681578000000,0.002515888834071209
1681581600000,0.002545518147718256
1681585200000,0.002709875166441865
1681588800000,0.0032280535257967337
1681592400000,0.0031724069360221457
1681596000000,0.003324527500853188
1681599600000,0.003502021422502579
1681603200000,0.0026398322441423105
1681606800000,0.0025717079244892403
1681610400000,0.0026651104364031654
1681614000000,0.003278028734944467
1681617600000,0.0031719077827788355
1681621200000,0.003286013760375212
1681624800000,0.004256499848056881
1681628400000,0.0035650009645619373
1681632000000,0.0032670321446975183
1681635600000,0.003131998131494029
1681639200000,0.0029567807487743203
1681642800000,0.003521990176658191
1681646400000,0.003699468233491265
1681650000000,0.003172016037984184
1681653600000,0.0028421481846755106
1681657200000,0.0029374904838400987
1681660800000,0.00351312732929275
1681664400000,0.0029278284843162277
1681668000000,0.0018753690646304381
1681671600000,0.0023560989603859032
1681675200000,0.0026257663065051193
1682110800000,-0.00025198196658210263
1682114400000,0.00021099158007588557
1682118000000,0.0001313946016101829
1682121600000,-8.703095195056865e-05
1682125200000,0.00022365284784611793
1682128800000,0.0001234153015833401
1682132400000,6.350616736592983e-05
1682136000000,0.0005352055871302426
1682139600000,0.00039396904046038936
1682143200000,0.0001664945558965981
1682146800000,0.0005726969508854275
1682150400000,0.0006587314025275466
1682154000000,0.00035298212965775036
1682157600000,-1.9404938474241247e-05
1682161200000,-0.00025750656759081653
1682164800000,3.700296146327228e-05
1682168400000,0.00029164394094480055
1682172000000,5.729963852490974e-05
1682175600000,0.00022925818723024463
1682179200000,0.001074265893424638
1682182800000,0.000976678694754651
1682186400000,0.0022126940636127625
1682190000000,0.0022008794342291502
1682193600000,0.0021698586015847015
1682197200000,0.0016998225250440808
1682200800000,0.0015663704525770185
1682204400000,0.0018668377731669355
1682208000000,0.0019115107496031588
1682211600000,0.0021610179408980586
1682215200000,0.002237632866913419
1682218800000,0.002126873710823251
1682222400000,0.0021483815250448748
1682226000000,0.0021294220865321367
1682229600000,0.0018740648270582697
1682233200000,0.0019568399958954418
1682236800000,0.001564927634710184
1682240400000,0.0024230300953340294
1682244000000,0.0020163355405185325
1682247600000,0.0024009859372336887
1682251200000,0.0027434078505377732
1682254800000,0.0030633104853901244
1682258400000,0.0033447604411973963
1682262000000,0.003780414255905571
1682265600000,0.0036219076651255364
1682269200000,0.003504226585103275
1682272800000,0.003799874292348248
1682276400000,0.0029016076795782535
1682280000000,0.003315520699533506
1683320400000,0.0004567306755043959
1683324000000,0.001322707464588187
1683327600000,0.0007189446853077593
1683331200000,0.0009849949456445183
1683334800000,-8.644396405005131e-05
1683338400000,-0.004505102353016736
1683342000000,-0.006296949455956222
1683345600000,-0.006842456703168793
1683349200000,-0.006500110894848258
1683352800000,-0.005503213405335497
1683356400000,-0.0048180980465683775
1683360000000,-0.0019563488541958557
1683363600000,-0.003000005543631919
1683367200000,-0.003519284897355539
1683370800000,-0.0038285881890203037
1683374400000,-0.003940932991226528
1683378000000,-0.003516857505045157
1683381600000,-0.003095320141381663
1683385200000,-0.0007746417162009529
1683388800000,-0.0008841005860266162
1683392400000,-0.00103712819085672
1683396000000,-0.0005801379255850008
1683399600000,-0.00040188843187931983
1683403200000,-0.0003239880058929249
1683406800000,9.23266186227253e-05
1683410400000,-0.0002612534770390127
1683414000000,0.00022601122636717165
1683417600000,-6.103217388121035e-05
1683421200000,-0.00022961517158470143
1683424800000,-0.0003411993839079694
1683428400000,0.0008095970581696629
1683432000000,0.0004223322741629346
1683435600000,0.0008841566813283889
1683439200000,0.001241760590862737
1683442800000,0.005529392043214125
1683446400000,0.00044479220484462776
1683450000000,0.0009411609231902373
1683453600000,0.0008577571611352162
1683457200000,0.0014753114432775626
1683460800000,0.0014736131842421085
1683464400000,0.001111387847765717
1683468000000,0.0014270225552353477
1683471600000,0.0012576777228866542
1683475200000,0.0012102555058767983
1683478800000,0.001189476668481201
1683482400000,0.002101363741844374
1683486000000,0.002759699136223379
1683489600000,0.0025610580780314703
1683925200000,0.0012874522607164327
1683928800000,0.002513376297909597
1683932400000,0.0014457264422193972
1683936000000,0.0017105541229695315
1683939600000,0.00208648455547833
1683943200000,0.0029923596680238996
1683946800000,0.002927002613321867
1683950400000,0.0031096473243086035
1683954000000,0.0025642036477886857
1683957600000,0.0027165226523369512
1683961200000,0.00249741085959458
1683964800000,0.001580929751348652
1683968400000,0.0015935854797093762
1683972000000,0.001649285027724245
1683975600000,0.0015562252794449295
1683979200000,0.0017607905996643762
1683982800000,0.0019229007380360365
1683986400000,0.0017029856001080515
1683990000000,0.0011931054396048402
1683993600000,0.002061166919769844
1683997200000,0.0029415654080744403
1684000800000,0.00313439245110437
1684004400000,0.003940226433091901
1684008000000,0.003407220220031774
1684011600000,0.0032004761616108426
1684015200000,0.003566217554341801
1684018800000,0.004132042024397956
1684022400000,0.004695135391223536
1684026000000,0.004263045144008557
1684029600000,0.003528830127506352
1684033200000,0.0037361461210630247
1684036800000,0.0026014084394220946
1684040400000,0.002091906703639681
1684044000000,0.002432718070216891
1684047600000,0.002122017120351794
1684051200000,0.0017076330049136197
1684054800000,0.001985045489430501
1684058400000,0.002148416828529119
1684062000000,0.0028524956054567377
1684065600000,0.003045016868278264
1684069200000,0.0034865959564913847
1684072800000,0.0035957127628747456
1684076400000,0.003148563643451077
1684080000000,0.004038204300203877
1684083600000,0.004019017792706498
1684087200000,0.0041104803413958705
1684090800000,0.003777113401812609
1684094400000,0.0035455903951502527
1684530000000,-0.00016290336312935476
1684533600000,-0.00022301832073003594
1684537200000,-0.00023648324370901803
1684540800000,0.0009536988353751575
1684544400000,0.00038154776481532764
1684548000000,0.0010903732571627212
1684551600000,0.0009332005331988528
1684555200000,0.0011842258558124787
1684558800000,0.0016451403036071735
1684562400000,-4.4986200123838385e-05
1684566000000,-0.0008951993850637423
1684569600000,-0.003060491846893402
1684573200000,-0.0012189922749051554
1684576800000,-0.001174794353430849
1684580400000,-0.0017686687830908124
1684584000000,-0.0021075871318929607
1684587600000,-0.0017037335530826097
1684591200000,-0.001523851892568834
1684594800000,-0.0017831073183700137
1684598400000,-0.0012680146412779086
1684602000000,-0.0004663813465219763
1684605600000,-0.0006008030779268685
1684609200000,-3.91768714043917e-05
1684612800000,0.00014992635696040052
1684616400000,1.2884576715624755e-05
1684620000000,5.902770491799391e-05
1684623600000,-1.7196944238198118e-05
1684627200000,-8.207152670277124e-05
1684630800000,-0.0003472019450631844
1684634400000,-5.120372936908464e-05
1684638000000,0.00031779944237162497
1684641600000,0.0006227674904622463
1684645200000,0.0004226330893793072
1684648800000,0.00011025309481153582
1684652400000,0.000419301346681629
1684656000000,8.775532763234e-05
1684659600000,-0.000339252634108755
1684663200000,-0.0004997462234889095
1684666800000,0.0002693176542018524
1684670400000,0.0007871469717153785
1684674000000,0.0002567450000951966
1684677600000,0.0006701571186472872
1684681200000,0.0008599688674911233
1684684800000,0.0007185423191692657
1684688400000,0.0015638216782292837
1684692000000,0.0018883646605068792
1684695600000,0.0015596801329426852
1684699200000,0.0017863658157620465
1685134800000,0.002556479514699494
1685138400000,0.0026768705006413288
1685142000000,0.003332475068981038
1685145600000,0.0037188209466820533
1685149200000,0.0036133665688857634
1685152800000,0.003943010136425342
1685156400000,0.004004300928135306
1685160000000,0.0031596103227125544
1685163600000,0.0019565433208524195
1685167200000,0.0007571112184524574
1685170800000,0.0001672281931658432
1685174400000,0.00020916685843942284
1685178000000,-0.00016527860873986585
1685181600000,0.0008944091978562458
1685185200000,0.00046658421719232253
1685188800000,0.00047168387815897526
1685192400000,0.0011777528448869636
1685196000000,0.0006232093497720266
1685199600000,0.0007992804166623921
1685203200000,0.0024363651431524446
1685206800000,0.003979604194388682
1685210400000,0.004962157027915205
1685214000000,0.005292434280069523
1685217600000,0.004179372121843386
1685221200000,0.005233442316744234
1685224800000,0.004431578773521612
1685228400000,0.004067829764608911
1685232000000,0.004799496450069511
1685235600000,0.004563553708944697
1685239200000,0.005293484292511533
1685242800000,0.004808785583710047
1685246400000,0.0041577631200446575
1685250000000,0.004447448941321366
1685253600000,0.005914386825267768
1685257200000,0.0062463813756043094
1685260800000,0.00434672037493145
1685264400000,0.0032776066017899974
1685268000000,0.0026770988632289464
1685271600000,0.0023912092951136913
1685275200000,0.0018562577066173673
1685278800000,0.0009895863284183292
1685282400000,0.0009691412728121842
1685286000000,0.001052148145590848
1685289600000,0.0009676575447366111
1685293200000,0.0006546907210833434
1685296800000,0.0009104584855423907
1685300400000,0.0006795854284293667
1685304000000,0.000665315793151192
1685739600000,-0.00025198557098427997
1685743200000,-0.0005203482484475657
1685746800000,-0.0006662543294035656
1685750400000,0.00039982912154206025
1685754000000,0.0005845590700340322
1685757600000,0.000431537058133878
1685761200000,0.0007036438918590563
1685764800000,0.0003847772750742723
1685768400000,0.0005828295581110168
1685772000000,0.0004954266659050315
1685775600000,0.0005168005999889512
1685779200000,0.00034407796916127145
1685782800000,0.00022871445009745077
1685786400000,0.0002908855951234119
1685790000000,0.0005471376594666254
1685793600000,0.00042703852978513896
1685797200000,0.0005336797873422921
1685800800000,0.0007880822971366736
1685804400000,0.000987366510719782
1685808000000,0.0007978546569890022
1685811600000,0.0013513430276787433
1685815200000,0.0017851387037194474
1685818800000,0.0030040877035782216
1685822400000,0.0019304584300639939
1685826000000,0.0008237258452397197
1685829600000,-0.0002948368692165735
1685833200000,0.0004233710201256235
1685836800000,0.0005705109160215288
1685840400000,0.00108613723832883
1685844000000,0.0009926065101910197
1685847600000,0.0010136194821179256
1685851200000,0.0009413773272451585
1685854800000,0.0009759704114690146
1685858400000,0.0003337507586754618
1685862000000,0.0006536725861990986
1685865600000,0.0005629489126357397
1685869200000,0.0003718762345729603
1685872800000,0.0003081314423707849
1685876400000,0.0006682336864411848
1685880000000,0.00035333072942831816
1685883600000,-0.0002771955045488613
1685887200000,-0.00048743710104013445
1685890800000,0.0003306309071832165
1685894400000,0.00027063188161754873
1685898000000,0.0002192375909028286
1685901600000,0.00036517838761393115
1685905200000,0.0003428336487995327
1685908800000,0.0001322616314856847
1686344400000,-0.002243879227318187
1686348000000,-0.0009973806353935541
1686351600000,-0.00014316674762521834
1686355200000,-0.00011575153919643583
1686358800000,-1.2022466914214274e-05
1686362400000,0.0007312150290009864
1686366000000,0.0009697826042768263
1686369600000,0.0012322220641215126
1686373200000,0.0023562066812107293
1686376800000,0.0032045301344275487
1686380400000,0.0006479660581583249
1686384000000,0.0003150217306259866
1686387600000,-0.000741218670266154
1686391200000,0.00010442047115857814
1686394800000,-4.8683209621906186e-05
1686398400000,-0.0002072811531832617
1686402000000,-0.0005354795013307751
1686405600000,-0.0003949720731884718
1686409200000,0.0004524402527348555
1686412800000,0.0003651378115098627
1686416400000,0.001653161280166596
1686420000000,0.0023708708199805116
1686423600000,0.0019057442825868368
1686427200000,0.0017011638223271735
1686430800000,0.002409053483802922
1686434400000,0.0020650858908620377
1686438000000,0.0018710781142388143
1686441600000,0.0033422788816694325
1686445200000,0.004272844083209809
1686448800000,0.003995125569320075
1686452400000,0.004542897663754663
1686456000000,0.004260436126652062
1686459600000,0.003575689727693531
1686463200000,0.0037600880026947
1686466800000,0.004889673207281784
1686470400000,0.005315234891127405
1686474000000,0.004670011502041497
1686477600000,0.004768934045251728
1686481200000,0.004994008415842212
1686484800000,0.005635640577897162
1686488400000,0.0060668897588631735
1686492000000,0.005437696816953509
1686495600000,0.00580709886864665
1686499200000,0.00549467210964642
1686502800000,0.005889905525663134
1686506400000,0.006491586893975536
1686510000000,0.006498533837079462
1686513600000,0.005968246900897789
1686949200000,-0.0014709644468576773
1686952800000,-0.0018564313088048111
1686956400000,-0.0019216199410513142
1686960000000,-0.0013659221729875664
1686963600000,-0.0007866702119243141
1686967200000,-0.0009289273006125152
1686970800000,-0.0011488805959140541
1686974400000,-0.0009251969607627627
1686978000000,-0.0013864222285877748
1686981600000,-0.0012070723103561674
1686985200000,-0.0014244609274961736
1686988800000,-0.0011649622655979237
1686992400000,-0.0020337673623267074
1686996000000,-0.0013239595936509396
1686999600000,-0.002061354061591349
1687003200000,-0.0024132798064946067
1687006800000,-0.0019949620951400238
1687010400000,-0.00119840827415364
1687014000000,-0.002513636060640007
1687017600000,-0.0017754313446114627
1687021200000,-0.0016772326895158932
1687024800000,-0.0015132765249327804
1687028400000,-0.000350286656499327
1687032000000,-0.00027842750776858687
1687035600000,-0.0011144864156038237
1687039200000,-0.0009529771379597112
1687042800000,-0.0005790209242134461
1687046400000,-0.0005205008917782633
1687050000000,-1.692648474412039e-05
1687053600000,-0.00011341314615009499
1687057200000,0.0006404789976023291
1687060800000,-0.00013012862680927942
1687064400000,3.662253835261454e-05
1687068000000,-0.0004731342122126754
1687071600000,-0.00015805100391600368
1687075200000,0.00020264328383159662
1687078800000,-0.0007861779663046437
1687082400000,-0.0013888335932360299
1687086000000,-0.0009411150675889206
1687089600000,-0.0010481299699569777
1687093200000,-0.000735715369404546
1687096800000,2.1454495228633527e-05
1687100400000,-0.0007539623992351461
1687104000000,-0.000655808113620896
1687107600000,-0.0007277442614131513
1687111200000,-0.00023977499633959836
1687114800000,-0.00035247969712899347
1687118400000,-0.000321239116829781
1687554000000,-0.00014344986521500937
1687557600000,-0.0059308538140705495
1687561200000,0.0004872828262972
1687564800000,-0.0010750739453604672
1687568400000,-0.0017248290352728233
1687572000000,-0.0007968711388171678
1687575600000,0.00022918249887679356
1687579200000,0.0004470509281893739
1687582800000,9.714399803804659e-05
1687586400000,-0.0021783462968311823
1687590000000,9.417584666233196e-05
1687593600000,0.0003921839368579939
1687597200000,-7.43500617432167e-05
1687600800000,0.0002600584014128358
1687604400000,-0.00014473774628973444
1687608000000,0.0004406967820974377
1687611600000,0.0020925034824125057
1687615200000,0.0009004237098130045
1687618800000,0.0013722893427770722
1687622400000,0.0008310837055499996
1687626000000,-0.0001270511680427659
1687629600000,0.00025462391544836614
1687633200000,0.000982790179932061
1687636800000,0.0006633531131661846
1687640400000,0.0011175799881135001
1687644000000,0.0007238751270179023
1687647600000,0.0009447522925350024
1687651200000,0.001315967947075622
1687654800000,0.001182335360530242
1687658400000,0.0017674675125255788
1687662000000,0.0015703329391105168
1687665600000,0.0011122904227286023
1687669200000,-0.00034293856745832213
1687672800000,-0.00026972574195062204
1687676400000,0.0007450392798038117
1687680000000,0.0009940817693628041
1687683600000,0.000903976932773236
1687687200000,0.0012377388757422
1687690800000,-0.00034151886105590265
1687694400000,0.0007327113304004516
1687698000000,0.0007647209109921996
1687701600000,0.0004857355453596639
1687705200000,0.0012413926030012724
1687708800000,0.0007382476819403568
1687712400000,0.0012838322255778322
1687716000000,0.0008956757737606808
1687719600000,0.001161311459617897
1687723200000,0.0015450780424758213
1688158800000,-0.0009697745788822322
1688162400000,-0.00038970499057669624
1688166000000,-0.00015198813063183145
1688169600000,0.00039314645138472103
1688173200000,0.0011293846845874737
1688176800000,0.0009553788628404564
1688180400000,0.0006705300204623184
1688184000000,0.0002248189184545989
1688187600000,0.0003429792760746471
1688191200000,-0.00019397411460887217
1688194800000,-0.0008448836363883893
1688198400000,-0.0012955948114594937
1688202000000,-0.0008509462156546865
1688205600000,-0.0006995120284802929
1688209200000,-0.0004636328282032961
1688212800000,-2.363481301270092e-05
1688216400000,-0.00020203443997790738
1688220000000,-0.001104140736226232
1688223600000,-0.0005558020023389383
1688227200000,-0.0012381139759738927
1688230800000,0.0007046180023687793
1688234400000,0.00018317313774466858
1688238000000,2.155341730938248e-05
1688241600000,0.0006538005190680972
1688245200000,0.0012448510745289158
1688248800000,0.001939131474125707
1688252400000,0.0018868878701081813
1688256000000,0.0007347486908674848
1688259600000,0.00011763028165335821
1688263200000,-0.00022631645756403723
1688266800000,-0.0005887544354323198
1688270400000,-0.0007776244008304345
1688274000000,-0.00046107867546775017
1688277600000,-0.00011709069140975794
1688281200000,-0.0006337688441388271
1688284800000,-0.0012279233931931192
1688288400000,-0.0008484838353398617
1688292000000,-0.0007667759791324742
1688295600000,-0.0010630520623088416
1688299200000,-0.0010376892312598622
1688302800000,-0.0005158273091329038
1688306400000,-0.0006759367151223992
1688310000000,0.00023375703409677062
1688313600000,-0.0010832371220926681
1688317200000,0.00044649661408946916
1688320800000,0.0006157006993711446
1688324400000,0.0008696211670981362
1688328000000,0.001355047764430982
1688763600000,-0.0014419879516580103
1688767200000,-0.0004529791368523289
1688770800000,0.00025177803664651013
1688774400000,0.0009011279934879296
1688778000000,0.0016782874153288803
1688781600000,0.0011760142661075103
1688785200000,0.0009529864923125326
1688788800000,0.0004179245080329593
1688792400000,0.0001426899089189989
1688796000000,0.00023749142809139636
1688799600000,-0.00015348113267848315
1688803200000,-0.0005285684786936862
1688806800000,-0.0003048006893502558
1688810400000,-0.0001954429604436916
1688814000000,0.00039752226934581354
1688817600000,0.00031883180260769883
1688821200000,0.0006485619059579383
1688824800000,0.000830606150432629
1688828400000,0.0010965927083969526
1688832000000,0.0017704510408108934
1688835600000,0.0029586846809123253
1688839200000,0.003400885518719286
1688842800000,0.0035329237063443063
1688846400000,0.0039361824148743925
1688850000000,0.0043427683529961595
1688853600000,0.0045718865786051515
1688857200000,0.004715420778417889
1688860800000,0.005045021589095074
1688864400000,0.005868840269707422
1688868000000,0.006123105699355564
1688871600000,0.005799938119389035
1688875200000,0.006320399334113011
1688878800000,0.006910694133197549
1688882400000,0.0067280464119457446
1688886000000,0.00651757406001803
1688889600000,0.004818407219549509
1688893200000,0.002525071406439971
1688896800000,0.0023649771145551803
1688900400000,0.0018148133310480626
1688904000000,0.0021116633927743098
1688907600000,0.0022596113465051144
1688911200000,0.001976419330382098
1688914800000,0.002349954740802953
1688918400000,0.0027538485897025387
1688922000000,0.002792585493949273
1688925600000,0.002889343294437269
1688929200000,0.003977172053695869
1688932800000,0.004039389937584277
1689368400000,0.0029632202657617806
1689372000000,0.0030817498971279327
1689375600000,0.004516246702864766
1689379200000,0.005398492508801566
1689382800000,0.004204607600394742
1689386400000,0.004785660123113735
1689390000000,0.00556752717587517
1689393600000,0.0056684588956583066
1689397200000,0.005679605885048965
1689400800000,0.005921313181971928
1689404400000,0.004910258730885651
1689408000000,0.00513979538277398
1689411600000,0.004891530890717833
1689415200000,0.004711770873608576
1689418800000,0.004620789957803155
1689422400000,0.004929581411325477
1689426000000,0.004691460456177276
1689429600000,0.005804133414210891
1689433200000,0.007028889134852911
1689436800000,0.007185933273516789
1689440400000,0.0052080232810404374
1689444000000,0.003343840405337655
1689447600000,0.0033420899914553513
1689451200000,0.003695720020480788
1689454800000,0.004491524696447738
1689458400000,0.0038312625240248233
1689462000000,0.00500924519135721
1689465600000,0.00605222565143004
1689469200000,0.00611342307914519
1689472800000,0.006590910669762653
1689476400000,0.006251039046988744
1689480000000,0.007533826512349365
1689483600000,0.007373226853322957
1689487200000,0.008088593361033613
1689490800000,0.006991202725832673
1689494400000,0.005909390347434651
1689498000000,0.006105968744041393
1689501600000,0.004910420611055442
1689505200000,0.0034796273679565744
1689508800000,0.003658086194292803
1689512400000,0.0033765364850790206
1689516000000,0.003139589025429167
1689519600000,0.003680166666735229
1689523200000,0.004895605354584857
1689526800000,0.006285391213034381
1689530400000,0.008363345809937865
1689534000000,0.009052234944799148
1689537600000,0.010042685528900322
1689973200000,0.0019903656650918696
1689976800000,0.002468300520136007
1689980400000,0.003933231175667133
1689984000000,0.003925767087399552
1689987600000,0.0038107740256020685
1689991200000,0.005540246717773096
1689994800000,0.006529370151260663
1689998400000,0.006561625154038108
1690002000000,0.006628127164792964
1690005600000,0.005727160093193416
1690009200000,0.0032095816187989743
1690012800000,0.0035023270754848666
1690016400000,0.003362613081595192
1690020000000,0.003446703556751932
1690023600000,0.003764952875482153
1690027200000,0.0034505324191827827
1690030800000,0.003986823571665071
1690034400000,0.0054416773085135435
1690038000000,0.0059339258857755576
1690041600000,0.005245796784084297
1690045200000,0.006532421188079842
1690048800000,0.00798833503967077
1690052400000,0.00925782937073109
1690056000000,0.008681467295204612
1690059600000,0.008391697885344255
1690063200000,0.005252827300266778
1690066800000,0.00603669051966276
1690070400000,0.004767554018013347
1690074000000,0.0077562626878387875
1690077600000,0.008871326017622805
1690081200000,0.010145552373816103
1690084800000,0.0063675049767129175
1690088400000,0.0037715267833863812
1690092000000,0.0024281172584675404
1690095600000,0.002012939667371731
1690099200000,0.0017374901021722233
1690102800000,0.0020220366296938887
1690106400000,0.00308475359189236
1690110000000,0.003261887447810471
1690113600000,0.0024821234215360918
1690117200000,0.002672107842317345
1690120800000,0.003097847962177857
1690124400000,0.005200760399364317
1690128000000,0.008269907323996128
1690131600000,0.005616441069912813
1690135200000,0.004949340743877046
1690138800000,0.005931872274328856
1690142400000,0.007234785686413473
1690578000000,0.0028508182597094876
1690581600000,0.0026822057345329458
1690585200000,0.0025866645009782886
1690588800000,0.004866245522702145
1690592400000,0.00914423883164808
1690596000000,0.013188942955391384
1690599600000,0.014542211840007997
1690603200000,0.019728796887816393
1690606800000,0.012995232184064117
1690610400000,0.0026935763920678886
1690614000000,0.0022314569751553225
1690617600000,0.0017343480816271217
1690621200000,0.0009448187864932165
1690624800000,0.0011367201888403808
1690628400000,0.0010594540725298402
1690632000000,0.0014151111287131393
1690635600000,0.0019434325812442096
1690639200000,0.0026028295016543414
1690642800000,0.003653217952143189
1690646400000,0.0032827969024557657
1690650000000,0.005647863412298011
1690653600000,0.007115640583321246
1690657200000,0.010948443032029895
1690660800000,0.014342407347788369
1690664400000,0.021842765237136557
1690668000000,0.026619727750310688
1690671600000,0.031361322946111166
1690675200000,0.0345326003445023
1690678800000,0.030015432601118504
1690682400000,0.02740445380154059
1690686000000,0.02695752953045485
1690689600000,0.026956895281544015
1690693200000,0.02487421213655445
1690696800000,0.023333124824897723
1690700400000,0.015966893373946172
1690704000000,0.012847065810930881
1690707600000,0.004592122083732825
1690711200000,0.003791057682632807
1690714800000,0.003211823976812813
1690718400000,0.008513725313974227
1690722000000,0.005592176971267138
1690725600000,0.00818338185426275
1690729200000,0.013494883096303381
1690732800000,0.015440527344215648
1690736400000,0.021606664367208598
1690740000000,0.024380903102379926
1690743600000,0.032733561293872566
1690747200000,0.031036319082223
1691182800000,0.00036763708281292663
1691186400000,2.9429234886351257e-05
1691190000000,-0.0018291071319763675
1691193600000,-0.00015567056438311848
1691197200000,-0.00037720283218297133
1691200800000,-0.004417076728273583
1691204400000,-0.008815035620164075
1691208000000,-0.010409474366401066
1691211600000,-0.014871666769996966
1691215200000,-0.01577055934159623
1691218800000,-0.014802445114657333
1691222400000,-0.015849133389223377
1691226000000,-0.01573553256226862
1691229600000,-0.014735308793216814
1691233200000,-0.015206714042362873
1691236800000,-0.008120236090914348
1691240400000,-0.0034861998658419486
1691244000000,-0.006336000594822071
1691247600000,-0.009177584728179066
1691251200000,-0.014844023608801575
1691254800000,-0.015127780675610884
1691258400000,-0.014552630028963912
1691262000000,-0.013041580226242995
1691265600000,-0.012360314181532429
1691269200000,-0.00999548527062015
1691272800000,-0.011907654306808083
1691276400000,-0.013735822533746672
1691280000000,-0.01069008141067806
1691283600000,-0.007868596506324748
1691287200000,-0.006489479268806008
1691290800000,-0.007569858495581005
1691294400000,-0.012117529998684222
1691298000000,-0.02046117810292666
1691301600000,-0.022635820877559287
1691305200000,-0.02313124632859638
1691308800000,-0.021838529160182665
1691312400000,-0.018376616056355134
1691316000000,-0.014359545458102533
1691319600000,-0.011171420901043292
1691323200000,-0.0077694323402616875
1691326800000,-0.01122954044642032
1691330400000,-0.011598796634504017
1691334000000,-0.014063029051904463
1691337600000,-0.015290404546790147
1691341200000,-0.013831077480467467
1691344800000,-0.009452918872699036
1691348400000,-0.007140378208093367
1691352000000,-0.0058643534279547846